TimeStamps,AnkleAccelerometer,,,AnkleAngularVelocity,,,AnkleLuminosity,RightPocketAccelerometer,,,RightPocketAngularVelocity,,,RightPocketLuminosity,BeltAccelerometer,,,BeltAngularVelocity,,,BeltLuminosity,NeckAccelerometer,,,NeckAngularVelocity,,,NeckLuminosity,WristAccelerometer,,,WristAngularVelocity,,,WristLuminosity,BrainSensor,Infrared1,Infrared2,Infrared3,Infrared4,Infrared5,Infrared6,Subject,Activity,Trial
,x-axis (g),y-axis (g),z-axis (g),x-axis (deg/s),y-axis (deg/s),z-axis (deg/s),illuminance (lx),x-axis (g),y-axis (g),z-axis (g),x-axis (deg/s),y-axis (deg/s),z-axis (deg/s),illuminance (lx),x-axis (g),y-axis (g),z-axis (g),x-axis (deg/s),y-axis (deg/s),z-axis (deg/s),illuminance (lx),x-axis (g),y-axis (g),z-axis (g),x-axis (deg/s),y-axis (deg/s),z-axis (deg/s),illuminance (lx),x-axis (g),y-axis (g),z-axis (g),x-axis (deg/s),y-axis (deg/s),z-axis (deg/s),illuminance (lx),,,,,,,
2018-07-10T13:09:52.405734,-1.026,0.1,-0.051,-0.793,0.305,-1.646,293.375,-0.971,-0.296,0.114,0.915,1.707,-0.183,8.295,-0.444,0.849,-0.244,2.805,-0.61,0.793,187.999,-0.818,-0.057,-0.661,4.329,-0.976,-0.061,562.114,0.941,0.086,0.029,3.415,-4.573,9.024,1377.847,1605,1,1,1,1,1,1,10,2,1,7
2018-07-10T13:09:52.448848,-1.026,0.1,-0.051,-0.61,0.305,-1.22,293.375,-0.971,-0.296,0.114,0.915,1.707,-0.183,8.295,-0.442,0.844,-0.243,3.11,-0.854,0.549,187.999,-0.816,-0.056,-0.664,5.427,1.037,-0.122,562.114,0.938,0.127,0.039,4.451,-6.829,14.024,1377.847,471,1,1,1,1,1,1,10,2,1,7
2018-07-10T13:09:52.513019,-1.021,0.094,-0.048,-1.22,0.549,0,293.375,-0.968,-0.292,0.117,0.061,2.012,0,8.295,-0.428,0.838,-0.25,5.061,0.488,0.793,187.999,-0.816,-0.056,-0.664,7.683,-2.256,0.549,562.114,0.938,0.127,0.039,0.427,-10.549,19.451,1377.847,2047,1,1,1,1,1,1,10,2,1,7
2018-07-10T13:09:52.589725,-1.022,0.099,-0.054,-4.085,0.366,1.707,293.375,-0.981,-0.293,0.109,-0.976,2.439,-3.415,8.295,-0.44,0.851,-0.25,10.488,4.207,-0.915,187.999,-0.808,-0.053,-0.647,8.415,-2.012,-0.671,562.114,0.953,0.146,0.044,0.549,-9.939,18.171,1377.847,1979,1,1,1,1,1,1,10,2,1,7
2018-07-10T13:09:52.641864,-1.042,0.129,-0.057,-17.805,0.366,-1.28,293.375,-0.981,-0.293,0.109,-4.756,-2.317,-3.537,8.295,-0.44,0.851,-0.25,6.341,2.866,0.488,187.999,-0.824,-0.065,-0.627,11.28,-0.854,1.341,562.114,0.963,0.134,0.042,2.195,-7.073,11.463,1377.847,709,1,1,1,1,1,1,10,2,1,7
2018-07-10T13:09:52.697513,-1.042,0.129,-0.057,-24.634,-5.61,-3.78,293.375,-0.968,-0.292,0.17,-3.11,-13.476,-6.829,8.295,-0.449,0.857,-0.217,6.463,-0.732,2.012,187.999,-0.831,-0.107,-0.609,12.378,-5.244,3.841,562.114,1.001,0.11,0.078,24.939,-2.195,-4.878,1377.847,860,1,1,1,1,1,1,10,2,1,7
2018-07-10T13:09:52.748649,-1.034,0.092,-0.03,-5.61,-10.366,-13.171,293.375,-0.944,-0.296,0.245,-4.207,-15.732,-9.024,8.295,-0.463,0.875,-0.156,-2.195,2.012,5.061,187.999,-0.831,-0.107,-0.609,10.793,-6.768,6.037,562.114,1.001,0.11,0.078,37.134,2.378,-9.512,1377.847,-1638,1,1,1,1,1,1,10,2,1,7
2018-07-10T13:09:52.793768,-1.029,0.078,-0.02,-6.585,-6.646,-9.939,293.375,-0.944,-0.296,0.245,-5.305,-4.329,-4.878,8.295,-0.463,0.875,-0.156,-5.61,0.122,5.854,187.999,-0.851,-0.114,-0.598,7.195,-7.378,3.72,562.114,1,0.104,0.144,26.707,7.744,-6.829,1377.847,-834,1,1,1,1,1,1,10,2,1,7
2018-07-10T13:09:52.842899,-1.029,0.078,-0.02,-6.341,-5.549,-8.11,293.375,-0.931,-0.301,0.238,-8.78,0.732,-0.976,8.295,-0.454,0.86,-0.125,-6.341,-1.28,5.244,187.999,-0.848,-0.087,-0.585,-4.085,-14.39,-0.488,562.114,1,0.104,0.144,15.244,12.988,0.183,1377.847,1217,1,1,1,1,1,1,10,2,1,7
2018-07-10T13:09:52.904061,-1.032,0.08,-0.01,-5.427,-4.878,-8.78,293.375,-0.932,-0.289,0.241,-7.805,18.354,0.183,8.295,-0.421,0.864,-0.116,-1.037,1.098,3.293,187.999,-0.848,-0.087,-0.585,-4.085,-17.988,-0.183,562.114,0.938,0.047,0.115,53.11,29.512,-4.634,1377.847,1322,1,1,1,1,1,1,10,2,1,7
2018-07-10T13:09:52.955698,-1.045,0.135,-0.026,-1.707,-4.512,-16.951,293.375,-0.932,-0.289,0.241,-2.744,20.793,-2.927,8.295,-0.421,0.864,-0.116,-8.171,1.951,1.89,187.999,-0.82,-0.067,-0.543,-3.476,-26.829,3.415,562.114,0.892,0.123,0.099,70.732,33.354,-4.268,1377.847,1325,1,1,1,1,1,1,10,2,1,7
2018-07-10T13:09:53.017863,-1.045,0.135,-0.026,-5.244,-6.951,-31.341,293.375,-0.942,-0.254,0.186,16.159,-6.646,4.268,8.295,-0.406,0.823,-0.206,-8.902,1.646,0.183,109.951,-0.806,-0.046,-0.459,-8.232,-29.085,6.402,562.114,0.867,0.329,0.156,46.28,24.573,4.146,1377.847,795,1,1,1,1,1,1,10,2,1,7
2018-07-10T13:09:53.076017,-1.234,0.169,-0.024,1.89,-19.939,-95.854,293.375,-0.871,-0.279,0.148,16.402,-40.976,10.732,8.295,-0.352,0.672,-0.285,-7.805,-5.671,2.012,109.951,-0.732,-0.043,-0.331,-7.561,-24.939,2.073,562.114,0.867,0.329,0.156,10.305,25.366,5.183,1377.847,680,1,1,1,1,1,1,10,2,1,7
2018-07-10T13:09:53.122640,-1.774,0.392,-0.168,14.512,-42.378,-142.5,293.375,-0.871,-0.279,0.148,11.341,-71.585,13.659,8.295,-0.352,0.672,-0.285,-5.976,-3.963,-2.439,109.951,-0.732,-0.043,-0.331,-14.939,-5.488,-0.549,562.114,0.833,0.456,0.095,3.11,34.695,-23.354,1377.847,500,1,1,1,1,1,1,10,2,1,7
2018-07-10T13:09:53.171270,-1.774,0.392,-0.168,25.244,-71.829,-219.146,293.375,-0.886,-0.274,0.245,-17.439,-152.866,-8.171,8.295,-0.282,0.668,-0.216,-25.061,-4.024,-9.512,109.951,-0.6,0.007,-0.267,-17.622,-2.073,-4.39,562.114,0.816,0.488,0.071,23.415,37.988,-127.683,1377.847,386,1,1,1,1,1,1,10,2,1,2
2018-07-10T13:09:53.227419,-0.701,0.06,-0.011,31.829,-58.659,-228.049,293.375,-0.316,-0.061,0.401,-32.5,-173.171,-21.037,8.295,-0.262,0.474,0.211,-52.439,-0.915,-6.159,109.951,-0.6,0.007,-0.267,-16.098,-0.854,-3.537,562.114,0.816,0.488,0.071,-28.72,44.085,-146.707,1377.847,290,1,1,1,1,1,1,10,2,1,2
2018-07-10T13:09:53.288581,0.675,-0.853,0.554,-36.463,-62.195,-204.024,293.375,-0.31,-0.048,0.351,-11.159,-73.11,-4.024,8.295,-0.262,0.474,0.211,-62.683,3.659,-6.159,109.951,-0.526,-0.019,-0.287,-26.89,-5.244,-0.854,562.114,0.768,0.257,0.09,-89.573,36.463,-150.61,1377.847,214,1,1,1,1,1,1,10,2,1,2
2018-07-10T13:09:53.346736,0.675,-0.853,0.554,-136.463,-64.451,-181.159,293.375,-0.31,-0.048,0.351,-24.878,-19.634,24.329,8.295,-0.257,0.524,0.115,-50.488,35.671,13.72,109.951,-0.776,-0.075,-0.186,-63.78,-48.415,7.744,562.114,0.389,-0.106,0.083,-76.098,40.122,-148.293,1377.847,172,1,1,1,1,1,1,10,2,1,2
2018-07-10T13:09:53.404388,-0.395,-1.171,-0.085,12.134,-28.354,-116.402,293.375,-0.748,-0.369,0.306,-39.207,25.061,23.293,8.295,-0.439,0.664,-0.047,-36.159,38.902,19.085,109.951,-0.997,-0.041,-0.163,-13.049,-7.378,-10.915,562.114,0.389,-0.106,0.083,0.488,70.915,-119.573,1377.847,132,1,1,1,1,1,1,10,2,1,2
2018-07-10T13:09:53.449508,-0.616,-0.933,0.397,58.598,-42.073,-115.915,293.375,-1.011,-0.459,0.524,-4.39,39.512,22.439,8.295,-0.439,0.664,-0.047,12.195,36.098,12.927,109.951,-0.997,-0.041,-0.163,-18.598,-3.537,-18.963,562.114,-0.2,-0.029,0.119,110.122,80.976,-67.378,1377.847,117,1,1,1,1,1,1,10,2,1,2
2018-07-10T13:09:53.514681,0.02,-0.893,0.502,-3.78,-84.085,-239.573,293.375,-1.011,-0.459,0.524,0.244,39.634,14.085,8.295,-0.434,1.069,-0.209,27.378,23.963,10.305,109.951,-1.13,-0.028,-0.649,-15.854,46.707,-27.073,562.114,0.703,0.401,0.232,107.622,-43.415,157.5,1377.847,101,1,1,1,1,1,1,10,2,1,2
2018-07-10T13:09:53.577848,0.02,-0.893,0.502,-28.598,-11.585,-164.878,293.375,-2.061,-0.882,0.519,-55.976,35.183,-54.146,8.295,-0.743,1.976,-0.78,38.659,46.22,-4.207,109.951,-1.892,0.055,-1.493,-19.39,54.39,-19.878,562.114,3.03,0.565,-0.448,182.866,-127.134,270,1377.847,85,1,1,1,1,1,1,10,2,1,2
2018-07-10T13:09:53.666082,0.812,-1.47,-0.021,43.049,26.402,-10.183,293.375,-2.006,-0.77,0.239,-26.524,39.146,27.805,8.295,-0.865,1.767,-1.023,-3.476,-27.378,12.622,109.951,-1.414,-0.017,-1.353,-14.512,20.976,-10.244,562.114,2.312,0.714,-0.132,-14.573,5.793,310.671,1377.847,-197,1,1,1,1,1,1,10,2,1,2
2018-07-10T13:09:53.728748,0.271,-1.028,0.171,5,-25.061,35.061,293.375,-0.86,-0.254,0.227,16.89,33.78,46.341,8.295,-0.252,0.577,-0.172,12.927,8.049,28.963,109.951,-0.463,-0.124,-0.597,42.561,29.207,0.61,562.114,2.312,0.714,-0.132,-28.78,-10.915,151.646,1377.847,-2048,1,1,1,1,1,1,10,2,1,2
2018-07-10T13:09:53.777879,-0.204,-0.561,0.113,-11.89,-18.963,37.805,293.375,-0.434,-0.129,0.258,20.122,20.366,44.329,8.295,-0.252,0.577,-0.172,66.585,26.707,41.585,109.951,-0.463,-0.124,-0.597,26.402,31.646,-0.244,562.114,0.614,0.037,0.372,-250.549,-31.646,-46.159,1377.847,-2048,1,1,1,1,1,1,10,2,1,20
2018-07-10T13:09:53.824002,-0.204,-0.561,0.113,31.646,-11.707,23.171,293.375,-0.434,-0.129,0.258,-16.707,21.951,28.659,8.295,-0.139,0.425,-0.076,-6.585,3.415,38.72,109.951,-0.162,-0.009,-0.485,17.134,7.012,14.329,562.114,0.354,-0.406,-0.149,-196.342,131.098,51.89,1377.847,-1497,1,1,1,1,1,1,10,2,1,20
2018-07-10T13:09:53.872630,-0.033,-0.584,0.349,69.39,24.268,-5,293.375,-0.423,-0.251,0.237,15.488,13.78,1.098,8.295,-0.211,0.364,-0.114,2.256,-12.012,17.317,109.951,-0.323,-0.003,-0.498,5.61,10.488,23.232,562.114,0.354,-0.406,-0.149,-213.598,138.11,111.098,1377.847,-1057,1,1,1,1,1,1,10,2,1,20
2018-07-10T13:09:53.938305,-0.032,-0.935,0.587,24.146,19.39,-15.122,293.375,-0.807,-0.277,0.186,14.817,12.317,-6.585,8.295,-0.211,0.364,-0.114,-3.476,-25.061,5.732,109.951,-0.323,-0.003,-0.498,2.988,14.024,24.512,562.114,0.185,-0.271,-0.259,407.134,35.671,-148.598,1377.847,-803,1,1,1,1,1,1,10,2,1,20
2018-07-10T13:09:53.987435,-0.032,-0.935,0.587,-3.354,10.183,-26.341,293.375,-0.807,-0.277,0.186,19.878,7.134,-14.634,8.295,-0.264,0.772,-0.318,3.963,-23.537,-4.451,109.951,-0.716,0.028,-0.692,9.207,-12.256,24.817,562.114,0.925,0.669,-0.237,451.585,-2.012,-183.537,1377.847,-561,1,1,1,1,1,1,10,2,1,20
2018-07-10T13:09:54.043584,0.09,-1.072,0.433,-19.451,-6.098,-45.732,397.942,-1.291,-0.38,0.179,4.817,-2.195,-17.439,9.955,-0.443,1.188,-0.576,7.439,-17.5,-9.573,109.951,-1.177,0.064,-0.924,23.476,-13.537,26.829,545.48,0.925,0.669,-0.237,302.317,-42.073,-99.207,1370.8,-370,1,1,1,1,1,1,10,2,1,20
2018-07-10T13:09:54.106751,0.402,-1.085,0.193,-50.915,1.585,-18.902,397.942,-1.451,-0.505,0.174,10,-3.11,-3.659,9.955,-0.543,1.278,-0.619,17.5,-22.256,-3.537,109.951,-1.192,-0.016,-0.948,30.976,-25.488,23.476,545.48,1.557,0.485,-0.066,-301.585,-81.829,51.646,1370.8,-237,1,1,1,1,1,1,10,2,1,20
2018-07-10T13:09:54.151370,0.402,-1.085,0.193,-19.695,1.89,11.341,397.942,-1.138,-0.345,0.208,25.244,20.305,5.976,9.955,-0.543,1.278,-0.619,9.329,-25.183,3.72,109.951,-1.192,-0.016,-0.948,45.854,-12.073,18.72,545.48,1.552,-0.337,0.037,-408.415,-80.549,74.085,1370.8,-163,1,1,1,1,1,1,10,2,1,20
2018-07-10T13:09:54.220052,0.217,-0.989,0.253,19.573,9.146,38.598,397.942,-1.138,-0.345,0.208,25.61,14.817,6.341,9.955,-0.356,0.924,-0.37,0.976,-25.915,10.976,109.951,-0.851,-0.056,-0.717,47.622,1.768,14.207,545.48,0.767,0.076,-0.082,-53.11,10.366,16.22,1370.8,288,1,1,1,1,1,1,10,2,1,20
2018-07-10T13:09:54.283219,-0.071,-0.899,0.368,27.073,11.28,30.366,397.942,-0.786,-0.188,0.226,21.646,10.122,9.512,9.955,-0.217,0.652,-0.207,14.878,-21.707,17.683,109.951,-0.593,-0.035,-0.516,38.598,4.024,10.61,545.48,0.767,0.076,-0.082,-37.561,-8.659,16.89,1370.8,2047,1,1,1,1,1,1,10,2,1,20
2018-07-10T13:09:54.370952,-0.098,-0.841,0.456,35.366,0.061,-1.646,397.942,-0.661,-0.182,0.21,15.976,5.549,-3.537,9.955,-0.221,0.59,-0.209,-1.585,-16.951,18.598,109.951,-0.565,-0.02,-0.451,17.866,-3.72,11.829,545.48,0.657,0.251,-0.018,-26.707,-4.573,-3.659,1370.8,2047,1,1,1,1,1,1,10,2,1,20
2018-07-10T13:09:54.428104,-0.037,-0.78,0.538,28.78,-7.317,-14.878,397.942,-0.8,-0.295,0.148,9.329,-8.78,-14.329,9.955,-0.313,0.663,-0.308,4.512,-18.476,6.707,109.951,-0.73,-0.003,-0.501,-5.366,-14.573,11.402,545.48,0.688,0.146,-0.003,-71.037,7.5,-18.415,1370.8,1667,1,1,1,1,1,1,10,2,1,20
2018-07-10T13:09:54.479741,0.158,-0.831,0.424,-5.305,1.22,-20.671,397.942,-1.023,-0.368,0.236,17.927,-15.854,-16.89,9.955,-0.313,0.663,-0.308,18.415,-23.476,0.854,109.951,-0.73,-0.003,-0.501,-13.232,-10.671,11.402,545.48,0.948,0.055,0.008,-72.195,-0.854,-17.073,1370.8,1164,1,1,1,1,1,1,10,2,1,20
2018-07-10T13:09:54.529372,0.158,-0.831,0.424,4.512,7.378,-7.073,397.942,-1.023,-0.368,0.236,24.268,-4.268,-15.366,9.955,-0.364,0.996,-0.377,23.659,-21.951,-10.122,109.951,-0.944,0.024,-0.649,-17.561,-1.585,15.183,545.48,0.948,0.055,0.008,-73.293,-3.049,-5.793,1370.8,908,1,1,1,1,1,1,10,2,1,20
2018-07-10T13:09:54.576998,0.091,-1.015,0.467,14.085,5.61,7.317,397.942,-1.155,-0.304,0.288,9.878,-1.829,-15.061,9.955,-0.364,0.996,-0.377,9.512,-10.854,-17.805,109.951,-0.944,0.024,-0.649,-11.524,4.268,20.305,545.48,1.128,0.069,-0.014,-75.61,-4.512,10.122,1370.8,712,1,1,1,1,1,1,10,2,1,20
2018-07-10T13:09:54.621618,0.091,-1.015,0.467,-2.439,4.451,12.317,397.942,-1.155,-0.304,0.288,-17.866,-6.829,-9.512,9.955,-0.45,1.086,-0.448,-8.841,1.646,-5.488,109.951,-1.085,0.071,-0.746,-1.22,0.488,19.634,545.48,1.162,0.052,-0.022,-104.939,-16.22,36.585,1370.8,540,1,1,1,1,1,1,10,2,1,20
2018-07-10T13:09:54.680774,0.043,-1.098,0.444,9.329,-1.463,3.78,397.942,-1.126,-0.424,0.239,1.037,2.622,0.122,9.955,-0.458,0.947,-0.383,-4.268,0.366,-3.841,109.951,-0.995,0.049,-0.66,4.756,-3.354,1.463,545.48,1.162,0.052,-0.022,-90.793,-13.841,34.634,1370.8,376,1,1,1,1,1,1,10,2,1,20
2018-07-10T13:09:54.742939,0.045,-0.811,0.453,16.768,-1.768,8.72,397.942,-0.945,-0.336,0.205,2.439,6.524,3.415,9.955,-0.358,0.77,-0.3,3.598,-4.695,1.829,109.951,-0.792,0.004,-0.558,5.549,3.78,-7.256,545.48,0.997,-0.004,-0.009,28.902,-0.732,-4.207,1370.8,276,1,1,1,1,1,1,10,2,1,20
2018-07-10T13:09:54.793072,0.045,-0.811,0.453,4.024,3.598,11.585,397.942,-0.808,-0.306,0.195,1.768,2.5,2.439,9.955,-0.358,0.77,-0.3,5.366,-0.976,3.293,109.951,-0.792,0.004,-0.558,5.183,5.915,-7.134,545.48,0.818,0.118,0.065,66.646,6.159,-21.89,1370.8,212,1,1,1,1,1,1,10,2,1,20
2018-07-10T13:09:54.841701,-0.009,-0.777,0.501,1.951,4.634,8.841,397.942,-0.808,-0.306,0.195,1.159,-1.28,-2.073,9.955,-0.334,0.668,-0.252,6.341,-1.28,3.659,109.951,-0.689,-0.009,-0.516,6.159,2.805,-8.598,545.48,0.818,0.118,0.065,56.402,5,-22.805,1370.8,170,1,1,1,1,1,1,10,2,1,20
2018-07-10T13:09:54.885818,-0.036,-0.871,0.501,9.085,3.11,1.951,397.942,-0.791,-0.31,0.246,6.524,-0.305,-6.463,9.955,-0.334,0.668,-0.252,9.573,-5.854,1.098,109.951,-0.689,-0.009,-0.516,2.927,-0.427,-6.037,545.48,0.76,0.174,0.09,31.463,-2.988,-12.012,1370.8,139,1,1,1,1,1,1,10,2,1,20
2018-07-10T13:09:54.932942,-0.036,-0.871,0.501,10.122,-0.793,-4.207,397.942,-0.791,-0.31,0.246,11.463,4.451,-7.622,9.955,-0.343,0.76,-0.264,10.366,-6.22,-3.049,109.951,-0.726,0.011,-0.54,3.598,4.756,-3.293,545.48,0.76,0.174,0.09,3.598,-6.463,-0.61,1370.8,128,1,1,1,1,1,1,10,2,1,20
2018-07-10T13:09:55.030702,-0.02,-0.918,0.511,2.5,-4.878,-16.768,397.942,-1.041,-0.4,0.226,-11.341,-0.976,-9.085,9.955,-0.388,0.871,-0.336,-7.622,-0.61,-5.549,133.667,-0.859,0.01,-0.638,-0.122,0.549,-3.354,545.48,1.057,0.093,0.01,-14.451,-0.854,11.22,1370.8,108,1,1,1,1,0,1,10,2,1,20
2018-07-10T13:09:55.092867,0.095,-0.933,0.481,3.841,-5.122,-11.768,397.942,-1.041,-0.4,0.226,-2.134,2.439,-7.012,9.955,-0.459,0.934,-0.384,-3.171,1.463,-7.622,133.667,-0.968,0.001,-0.678,1.341,-0.061,-4.39,545.48,1.057,0.093,0.01,-10.061,0.976,5.366,1370.8,92,1,1,1,1,0,1,10,2,1,20
2018-07-10T13:09:55.157037,0.116,-0.891,0.487,8.598,-3.476,-3.476,397.942,-1.077,-0.407,0.177,-8.78,7.317,-0.671,9.955,-0.457,0.901,-0.389,1.646,-1.22,-5.122,133.667,-0.951,-0.014,-0.657,3.11,0.244,-6.402,545.48,1.11,0.086,-0.004,6.646,8.293,-9.085,1370.8,77,1,1,1,1,0,1,10,2,1,20
2018-07-10T13:09:55.205165,0.046,-0.857,0.527,6.646,1.829,6.463,397.942,-0.985,-0.389,0.181,-4.207,8.354,-0.61,9.955,-0.457,0.901,-0.389,2.073,-2.317,-4.146,133.667,-0.951,-0.014,-0.657,5.061,1.89,-7.195,545.48,0.991,0.108,0.024,15.915,8.232,-14.268,1370.8,74,1,1,1,1,0,1,10,2,1,20
2018-07-10T13:09:55.261314,0.046,-0.857,0.527,1.768,1.707,6.341,397.942,-0.887,-0.392,0.163,-1.707,1.585,0.244,9.955,-0.428,0.794,-0.331,9.085,-4.939,-3.659,133.667,-0.833,-0.053,-0.61,7.866,0.671,-8.78,545.48,0.881,0.133,0.054,6.707,-0.061,-9.695,1370.8,71,1,1,1,1,0,1,10,2,1,20
2018-07-10T13:09:55.310945,0.023,-0.835,0.506,-2.256,-0.061,5.61,397.942,-0.887,-0.392,0.163,3.171,5.183,1.89,9.955,-0.439,0.705,-0.304,17.805,-10.183,-6.829,133.667,-0.759,-0.079,-0.56,5.671,-0.549,-8.963,545.48,0.881,0.133,0.054,-6.768,-0.793,-1.463,1370.8,-2048,1,1,1,1,0,1,10,2,1,20
2018-07-10T13:09:55.388150,0.015,-0.805,0.524,12.683,3.963,0.122,397.942,-0.819,-0.313,0.201,17.744,5.061,-3.354,9.955,-0.392,0.787,-0.338,12.927,-6.951,-1.89,133.667,-0.769,-0.067,-0.57,8.78,-0.488,1.159,545.48,0.849,0.115,0.06,-2.134,-0.61,3.293,1370.8,-2048,1,1,1,1,0,1,10,2,1,20
2018-07-10T13:09:55.444299,0.043,-0.851,0.547,-5.793,-3.78,-9.573,397.942,-0.912,-0.307,0.207,1.768,0.549,-0.488,9.955,-0.392,0.787,-0.338,5,-9.329,2.012,133.667,-0.769,-0.067,-0.57,9.024,1.463,4.207,545.48,0.911,0.146,0.029,-3.232,-1.402,7.195,1370.8,-1602,1,1,1,1,0,1,10,2,1,20
2018-07-10T13:09:55.508971,0.043,-0.851,0.547,-6.463,-3.11,-10.732,397.942,-1.006,-0.392,0.19,-0.854,0.061,-5.427,9.955,-0.425,0.838,-0.347,-8.841,0.793,0.366,133.667,-0.858,-0.06,-0.625,1.646,1.037,-1.098,545.48,1.038,0.136,-0.012,-13.841,-1.341,9.939,1370.8,-1175,1,1,1,1,0,1,10,2,1,20
2018-07-10T13:09:55.560108,0.106,-0.888,0.511,-1.037,-2.561,-8.11,397.942,-1.006,-0.392,0.19,4.268,3.72,-4.268,9.955,-0.464,0.866,-0.384,-2.927,3.354,-1.524,133.667,-0.921,-0.05,-0.652,-5.183,-4.573,-2.195,545.48,1.038,0.136,-0.012,-13.293,-0.732,4.939,1370.8,-826,1,1,1,1,0,1,10,2,1,20
2018-07-10T13:09:55.623775,0.072,-0.907,0.526,4.268,2.5,2.927,397.942,-1.035,-0.394,0.148,-12.5,0.366,-1.037,9.955,-0.464,0.844,-0.396,-2.012,6.829,-2.805,133.667,-0.911,-0.049,-0.625,-5.366,0.61,-2.5,545.48,1.048,0.08,-0.021,11.646,5.671,-20.122,1370.8,-574,1,1,1,1,0,1,10,2,1,20
2018-07-10T13:09:55.695967,0.053,-0.889,0.531,1.768,-0.976,2.683,397.942,-0.964,-0.389,0.142,-7.927,-1.463,0.244,9.955,-0.464,0.844,-0.396,0.976,8.171,-3.232,133.667,-0.827,-0.058,-0.604,-5.061,2.561,-3.659,545.48,0.947,0.081,0.016,13.841,3.963,-19.817,1370.8,-377,1,1,1,1,0,1,10,2,1,20
2018-07-10T13:09:55.747102,0.053,-0.889,0.531,5.122,-1.585,1.098,397.942,-0.899,-0.368,0.158,-6.89,-2.805,1.159,9.955,-0.448,0.785,-0.355,0.732,4.939,-0.549,133.667,-0.827,-0.058,-0.604,-3.841,3.049,-5.061,545.48,0.882,0.096,0.037,6.159,-3.598,0.732,1370.8,-246,1,1,1,1,0,1,10,2,1,20
2018-07-10T13:09:55.817790,0.072,-0.773,0.509,6.646,0.244,-0.915,397.942,-0.889,-0.367,0.189,-2.256,-1.646,-0.366,9.955,-0.434,0.766,-0.321,-0.122,3.171,0.061,133.667,-0.769,-0.067,-0.609,-1.585,4.451,-3.598,545.48,0.882,0.096,0.037,5.183,-6.768,8.293,1370.8,-129,1,1,1,1,0,1,10,2,1,20
2018-07-10T13:09:55.883464,0.063,-0.764,0.559,-0.488,3.415,1.646,397.942,-0.889,-0.367,0.189,2.012,-1.89,-1.463,9.955,-0.43,0.805,-0.319,-3.415,0.61,0.183,133.667,-0.798,-0.064,-0.635,-1.524,7.073,-5.427,545.48,0.909,0.12,0.04,7.988,-6.768,11.159,1370.8,91,1,1,1,1,0,1,10,2,1,20
2018-07-10T13:09:55.950141,0.041,-0.94,0.559,-14.268,4.573,0.366,397.942,-0.948,-0.363,0.186,-1.646,-1.037,-2.378,9.955,-0.443,0.837,-0.342,-6.951,-1.22,0.976,133.667,-0.853,-0.07,-0.654,-4.939,7.683,-7.988,545.48,0.974,0.14,0.032,4.756,-1.037,7.317,1370.8,1163,1,1,1,1,0,1,10,2,1,20
2018-07-10T13:09:56.003283,0.072,-0.9,0.521,-7.012,2.256,-1.829,411.036,-0.984,-0.386,0.163,-2.927,-0.854,-2.317,8.532,-0.443,0.837,-0.342,-5.549,-2.866,1.341,133.667,-0.853,-0.07,-0.654,-3.902,4.268,-6.768,540.832,1.009,0.135,0.028,8.476,0.427,3.232,1390.607,1521,1,1,1,1,0,1,10,2,1,20
2018-07-10T13:09:56.062940,0.072,-0.9,0.521,8.963,-1.402,0.244,411.036,-0.976,-0.379,0.149,2.805,-1.22,-1.037,8.532,-0.451,0.836,-0.361,2.561,-3.049,0.915,133.667,-0.874,-0.077,-0.638,-2.195,2.378,-2.073,540.832,1.009,0.135,0.028,9.146,1.524,-1.159,1390.607,-980,1,1,1,1,0,1,10,2,1,20
2018-07-10T13:09:56.119590,0.073,-0.82,0.549,6.768,0.732,2.317,411.036,-0.976,-0.379,0.149,1.829,-1.463,-0.183,8.532,-0.434,0.821,-0.351,1.28,-2.622,1.646,133.667,-0.847,-0.07,-0.631,-1.524,1.768,-0.427,540.832,0.987,0.132,0.042,0.061,1.463,-2.927,1390.607,791,1,1,1,1,0,1,10,2,1,20
2018-07-10T13:09:56.182257,0.058,-0.813,0.554,1.89,1.28,2.378,411.036,-0.937,-0.377,0.174,-0.183,-2.622,-0.793,8.532,-0.437,0.796,-0.328,2.744,0.122,-0.305,133.667,-0.806,-0.059,-0.628,1.22,0.854,3.232,540.832,0.943,0.12,0.036,-9.268,2.5,-0.732,1390.607,1140,1,1,1,1,0,1,10,2,1,20
2018-07-10T13:09:56.242917,0.058,-0.813,0.554,3.476,1.707,2.622,411.036,-0.908,-0.377,0.186,0.854,-3.171,-2.256,8.532,-0.437,0.796,-0.328,1.829,0.183,-1.341,133.667,-0.806,-0.059,-0.628,-0.793,-5.915,4.512,540.832,0.919,0.104,0.013,-14.085,3.354,1.037,1390.607,256,1,1,1,1,0,1,10,2,1,20
2018-07-10T13:09:56.298064,0.043,-0.834,0.563,-4.146,1.341,0.61,411.036,-0.924,-0.378,0.191,-0.732,-3.232,-1.707,8.532,-0.443,0.8,-0.321,-1.463,-0.549,-0.854,133.667,-0.801,-0.062,-0.633,1.707,0.244,3.354,540.832,0.919,0.104,0.013,-11.585,3.049,-0.915,1390.607,-2048,1,1,1,1,0,1,10,2,1,20
2018-07-10T13:09:56.399834,0.048,-0.869,0.548,2.5,-0.061,-1.341,411.036,-0.949,-0.39,0.176,1.098,-2.5,-1.585,8.532,-0.451,0.817,-0.33,-2.073,-0.427,-0.305,133.667,-0.834,-0.066,-0.635,2.5,-1.159,2.012,540.832,0.96,0.105,0.005,-1.829,-0.854,-0.549,1390.607,161,1,1,1,1,0,1,10,2,1,20
2018-07-10T13:09:56.451972,0.068,-0.841,0.553,-0.427,0.061,0.854,411.036,-0.959,-0.394,0.169,1.098,-3.049,-0.671,8.532,-0.453,0.82,-0.352,0.488,-1.646,0.366,133.667,-0.86,-0.073,-0.618,4.146,0.61,2.744,540.832,0.96,0.105,0.005,-0.61,-3.354,0.488,1390.607,-18,1,1,1,1,0,1,10,2,1,20
2018-07-10T13:09:56.507118,0.061,-0.847,0.549,0.915,2.073,1.951,411.036,-0.959,-0.394,0.169,2.561,-2.622,-0.793,8.532,-0.45,0.827,-0.337,4.939,-2.195,-0.488,133.667,-0.839,-0.069,-0.63,2.683,1.159,3.171,540.832,0.976,0.102,0.023,-1.524,-5.915,4.024,1390.607,-2048,1,1,1,1,0,1,10,2,1,20
2018-07-10T13:09:56.561262,0.061,-0.847,0.549,2.195,2.439,2.195,411.036,-0.933,-0.374,0.208,1.402,-1.585,0.732,8.532,-0.45,0.827,-0.337,2.134,-0.61,0.793,133.667,-0.839,-0.069,-0.63,2.5,5.61,4.024,540.832,0.966,0.107,0.044,-6.463,-7.256,7.134,1390.607,1357,1,1,1,1,0,1,10,2,1,20
2018-07-10T13:09:56.624931,0.041,-0.836,0.563,0.976,-0.061,0.549,411.036,-0.921,-0.381,0.207,-2.5,-2.195,-0.183,8.532,-0.443,0.819,-0.324,-0.793,0.976,0.61,133.667,-0.813,-0.053,-0.655,2.134,2.866,4.268,540.832,0.966,0.107,0.044,-9.512,-4.939,8.902,1390.607,1668,1,1,1,1,0,1,10,2,1,20
2018-07-10T13:09:56.683085,0.047,-0.825,0.542,-2.073,-1.402,0.427,411.036,-0.924,-0.385,0.194,-0.976,-1.341,-0.793,8.532,-0.448,0.807,-0.32,-3.476,0.732,0.366,133.667,-0.813,-0.05,-0.641,1.402,1.89,3.11,540.832,0.948,0.106,0.029,1.402,4.451,1.098,1390.607,1302,1,1,1,1,0,1,10,2,1,20
2018-07-10T13:09:56.739234,0.043,-0.822,0.614,1.646,-22.073,0.366,411.036,-0.924,-0.385,0.194,-2.439,-1.402,-1.037,8.532,-0.448,0.812,-0.325,-3.049,1.707,0.488,133.667,-0.827,-0.058,-0.633,0.122,-0.488,0.427,540.832,0.938,0.122,0.001,6.098,5.976,-2.5,1390.607,967,1,1,1,1,0,1,10,2,1,20
2018-07-10T13:09:56.796386,0.043,-0.822,0.614,-9.268,-17.744,-5.366,411.036,-0.935,-0.38,0.197,-1.22,-0.122,0.366,8.532,-0.448,0.812,-0.325,-1.402,2.683,0.366,133.667,-0.827,-0.058,-0.633,-0.061,-1.098,0.488,540.832,0.944,0.111,0.005,3.476,2.378,-3.354,1390.607,661,1,1,1,1,0,1,10,2,1,20
2018-07-10T13:09:56.861559,0.098,-0.895,0.472,-48.415,1.341,-29.024,411.036,-0.951,-0.388,0.188,-4.329,-0.427,2.256,8.532,-0.438,0.829,-0.335,2.012,2.195,-0.244,133.667,-0.847,-0.054,-0.632,-3.11,-5.671,0.366,540.832,0.944,0.111,0.005,1.463,-0.427,-2.195,1390.607,457,1,1,1,1,0,1,10,2,1,20
2018-07-10T13:09:56.910688,0.151,-0.889,0.442,34.939,13.963,-45.976,411.036,-0.94,-0.403,0.19,-1.707,-2.5,-1.707,8.532,-0.462,0.823,-0.334,-0.366,6.037,-0.488,133.667,-0.834,-0.046,-0.641,-3.78,-4.939,1.28,540.832,0.972,0.092,0.022,-0.671,-0.915,-0.671,1390.607,342,1,1,1,1,0,1,10,2,1,20
2018-07-10T13:09:56.988897,0.151,-0.771,0.659,8.659,-1.646,-20.366,411.036,-0.94,-0.403,0.19,0.427,0.549,-0.427,8.532,-0.442,0.816,-0.328,-1.098,1.098,-0.732,133.667,-0.827,-0.046,-0.636,-1.951,-0.122,-2.866,540.832,0.964,0.075,0.034,3.537,0.976,-1.037,1390.607,218,1,1,1,1,0,1,10,2,1,20
2018-07-10T13:09:57.075627,0.189,-0.807,0.486,-19.024,0.305,2.927,411.036,-0.931,-0.381,0.179,-3.476,-0.427,0.793,8.532,-0.433,0.814,-0.326,-1.159,2.5,0.793,85.497,-0.821,-0.053,-0.623,-0.061,2.256,-1.037,540.832,0.941,0.115,0.029,6.829,2.744,2.256,1390.607,151,1,1,1,1,1,1,10,2,1,20
2018-07-10T13:09:57.144309,0.134,-0.896,0.55,7.134,1.463,10.366,411.036,-0.931,-0.381,0.179,-1.707,-0.122,0.244,8.532,-0.444,0.807,-0.336,-0.854,2.805,0.122,85.497,-0.826,-0.047,-0.626,-5.671,4.634,-3.11,540.832,0.948,0.125,0.02,4.085,2.073,3.11,1390.607,118,1,1,1,1,1,1,10,2,1,20
2018-07-10T13:09:57.186420,0.134,-0.896,0.55,0.366,-0.244,5.183,411.036,-0.938,-0.384,0.173,-1.463,-1.829,0.793,8.532,-0.444,0.807,-0.336,1.037,1.402,0.732,85.497,-0.826,-0.047,-0.626,-4.207,7.866,-2.866,540.832,0.948,0.125,0.02,5.122,2.195,0.488,1390.607,103,1,1,1,1,1,1,10,2,1,20
2018-07-10T13:09:57.249588,0.159,-0.869,0.527,-4.146,0.305,1.951,411.036,-0.952,-0.377,0.177,-0.976,-2.439,0.183,8.532,-0.432,0.825,-0.345,1.89,0.549,0.305,85.497,-0.834,-0.043,-0.648,-3.293,7.988,-2.5,540.832,0.948,0.115,0.013,5.488,1.768,-4.146,1390.607,85,1,1,1,1,1,1,10,2,1,20
2018-07-10T13:09:57.291199,0.159,-0.869,0.527,5.976,1.341,5.671,411.036,-0.952,-0.377,0.177,-2.378,-2.622,-0.244,8.532,-0.432,0.825,-0.345,2.073,1.402,-0.244,85.497,-0.832,-0.05,-0.645,-6.463,-0.793,-2.683,540.832,0.96,0.102,-0.004,2.5,-0.549,-2.378,1390.607,81,1,1,1,1,1,1,10,2,1,20
2018-07-10T13:09:57.337822,0.162,-0.68,0.532,13.232,19.207,24.268,411.036,-0.953,-0.388,0.19,-2.378,-2.5,0.183,8.532,-0.449,0.83,-0.34,-1.524,0.244,1.159,85.497,-0.832,-0.05,-0.645,-12.866,-3.78,-1.646,540.832,0.96,0.102,-0.004,-0.61,-2.317,-1.829,1390.607,73,1,1,1,1,1,1,10,2,1,20
2018-07-10T13:09:57.384947,0.043,-0.935,0.549,-60.976,26.098,30,411.036,-0.931,-0.382,0.199,2.134,-3.476,1.098,8.532,-0.438,0.822,-0.323,-2.256,-0.549,0.976,85.497,-0.811,-0.037,-0.654,-12.378,5.915,-1.037,540.832,0.949,0.067,0.004,4.39,-3.72,-3.78,1390.607,69,1,1,1,1,1,1,10,2,1,20
2018-07-10T13:09:57.449619,0.043,-0.935,0.549,-41.585,17.195,22.134,411.036,-0.931,-0.382,0.199,0.122,-2.5,-1.098,8.532,-0.438,0.822,-0.323,-1.768,-0.427,-0.061,85.497,-0.812,-0.027,-0.676,2.622,11.951,2.439,540.832,0.94,0.106,0.044,16.89,-7.744,-0.305,1390.607,59,1,1,1,1,1,1,10,2,1,20
2018-07-10T13:09:57.511783,0.016,-0.983,0.494,25.854,-12.622,-12.439,411.036,-0.927,-0.375,0.2,-1.524,-1.768,0.305,8.532,-0.438,0.813,-0.312,0.061,1.646,-0.854,85.497,-0.812,-0.027,-0.676,2.988,7.866,3.171,540.832,0.94,0.106,0.044,3.659,-9.695,9.146,1390.607,58,1,1,1,1,1,1,10,2,1,20
2018-07-10T13:09:57.576455,0.122,-0.717,0.539,-5.366,4.817,3.841,411.036,-0.939,-0.374,0.2,-0.488,-0.549,0.61,8.532,-0.442,0.828,-0.315,-0.671,-0.793,0.549,85.497,-0.799,-0.037,-0.668,2.073,12.317,-0.61,540.832,0.962,0.136,0.034,-1.89,-4.268,9.329,1390.607,56,1,1,1,1,1,1,10,2,1,20
2018-07-10T13:09:57.623078,0.067,-0.921,0.532,-11.89,5.976,4.146,411.036,-0.938,-0.366,0.188,-1.22,0.793,0.305,8.532,-0.424,0.818,-0.325,0.549,-0.061,0.122,85.497,-0.806,-0.047,-0.673,-2.622,11.28,-2.195,540.832,0.967,0.13,-0.003,-0.671,-0.427,3.963,1390.607,55,1,1,1,1,1,1,10,2,1,20
2018-07-10T13:09:57.667697,0.067,-0.921,0.532,-2.012,3.232,0.061,411.036,-0.938,-0.366,0.188,-3.232,0.427,-0.793,8.532,-0.424,0.818,-0.325,1.768,0.915,-0.671,85.497,-0.806,-0.047,-0.673,-5.732,6.524,-1.524,540.832,0.967,0.13,-0.003,5.122,3.598,-3.537,1390.607,53,1,1,1,1,1,1,10,2,1,20
2018-07-10T13:09:57.756432,0.057,-0.903,0.531,18.78,-6.159,-1.22,411.036,-0.941,-0.372,0.181,-4.817,-1.28,0.061,8.532,-0.433,0.815,-0.333,2.012,3.11,-0.671,85.497,-0.796,-0.043,-0.686,-1.402,5.732,-2.073,540.832,0.951,0.089,-0.006,-0.793,-2.012,-5.061,1390.607,53,1,1,1,1,1,1,10,2,1,20
2018-07-10T13:09:57.840155,0.093,-0.786,0.566,-6.463,0.793,-5.122,411.036,-0.943,-0.383,0.182,-4.207,-3.232,-1.098,8.532,-0.438,0.817,-0.343,4.634,4.146,-1.463,85.497,-0.788,-0.046,-0.702,-1.951,3.476,-3.354,540.832,0.962,0.074,-0.017,-6.098,-4.085,3.232,1390.607,56,1,1,1,1,1,1,10,2,1,20
2018-07-10T13:09:57.901818,0.104,-0.804,0.519,2.439,0.183,2.012,411.036,-0.941,-0.386,0.199,-1.402,-1.098,-0.427,8.532,-0.45,0.831,-0.337,-2.195,2.561,-0.061,85.497,-0.771,-0.048,-0.722,-1.89,4.573,-2.134,540.832,0.962,0.074,-0.017,-4.634,-3.11,3.598,1390.607,52,1,1,1,1,1,1,10,2,1,20
2018-07-10T13:09:57.950447,0.077,-0.863,0.564,1.89,1.037,3.232,411.036,-0.947,-0.384,0.191,-0.61,-1.159,-0.366,8.532,-0.445,0.827,-0.333,0.793,2.988,0,85.497,-0.772,-0.047,-0.735,0,2.866,-1.22,540.832,0.959,0.087,-0.02,-0.122,-2.683,3.841,1390.607,53,1,1,1,1,1,1,10,2,1,20
2018-07-10T13:09:57.995567,0.077,-0.863,0.564,-3.841,1.28,1.22,411.036,-0.947,-0.384,0.191,-2.378,-0.671,-0.488,8.532,-0.445,0.827,-0.333,0.793,1.463,0.305,85.497,-0.772,-0.047,-0.735,1.524,3.354,-0.671,540.832,0.959,0.121,-0.01,7.5,-2.317,3.841,1390.607,53,1,1,1,1,1,1,10,2,1,20
2018-07-10T13:09:58.063246,0.074,-0.865,0.54,-1.28,0.244,0,426.195,-0.938,-0.381,0.188,-1.037,-0.366,-0.122,8.651,-0.44,0.82,-0.335,-1.402,0.976,0.305,85.497,-0.774,-0.045,-0.721,1.463,0.427,1.585,540.832,0.959,0.121,-0.01,4.756,-2.561,3.598,1392.93,53,1,1,1,1,1,1,10,2,1,20
2018-07-10T13:09:58.128920,0.087,-0.835,0.541,-0.427,-0.427,-0.122,426.195,-0.933,-0.381,0.183,-1.768,-0.854,-0.122,8.651,-0.438,0.812,-0.333,0.183,1.646,0.488,85.497,-0.778,-0.043,-0.707,2.256,-6.159,2.317,540.832,0.957,0.125,0.006,-5.244,0.244,1.159,1392.93,-2048,1,1,1,1,1,1,10,2,1,20
2018-07-10T13:09:58.183064,0.086,-0.84,0.54,-1.951,0.793,0,426.195,-0.938,-0.381,0.181,0.915,-0.488,-0.427,8.651,-0.437,0.815,-0.337,-0.244,0.244,0.549,85.497,-0.778,-0.034,-0.696,-0.61,-9.756,2.744,540.832,0.949,0.105,-0.001,-4.939,3.537,-0.61,1392.93,240,1,1,1,1,1,1,10,2,1,20
2018-07-10T13:09:58.231192,0.086,-0.84,0.54,-1.159,0.427,0.427,426.195,-0.938,-0.381,0.181,-0.244,-0.976,-0.915,8.651,-0.437,0.815,-0.337,0.427,-0.427,0.488,85.497,-0.778,-0.034,-0.696,3.476,-6.646,2.073,540.832,0.949,0.105,-0.001,-3.049,5.427,-2.744,1392.93,410,1,1,1,1,1,1,10,2,1,20
2018-07-10T13:09:58.277815,0.08,-0.856,0.54,-3.11,0.305,0.244,426.195,-0.943,-0.379,0.188,-0.488,-1.22,-0.854,8.651,-0.435,0.825,-0.337,0.122,-0.183,0.244,85.497,-0.792,-0.041,-0.691,3.963,-7.073,2.073,540.832,0.951,0.104,-0.028,-5,4.695,-5,1392.93,492,1,1,1,1,1,1,10,2,1,20
2018-07-10T13:09:58.320428,0.08,-0.856,0.54,-4.939,0.305,-0.488,426.195,-0.943,-0.379,0.188,-0.061,-1.28,-0.732,8.651,-0.435,0.825,-0.337,-1.89,-0.427,0.366,85.497,-0.801,-0.051,-0.696,6.829,-8.841,5.549,540.832,0.953,0.085,-0.03,-6.524,2.622,-4.024,1392.93,418,1,1,1,1,1,1,10,2,1,20
2018-07-10T13:09:58.373569,0.095,-0.827,0.524,-3.537,0.61,-0.305,426.195,-0.943,-0.388,0.196,-0.061,-1.28,-1.341,8.651,-0.442,0.829,-0.332,-1.22,-0.244,0.244,85.497,-0.801,-0.051,-0.696,9.207,-6.341,6.585,540.832,0.953,0.085,-0.03,-5.61,0.793,-2.561,1392.93,324,1,1,1,1,1,1,10,2,1,20
2018-07-10T13:09:58.447265,0.076,-0.85,0.536,-5.305,3.415,3.902,426.195,-0.939,-0.378,0.2,1.28,-0.122,-0.854,8.651,-0.439,0.832,-0.331,0.061,-0.183,0.183,85.497,-0.813,-0.058,-0.68,12.866,-5.366,13.841,540.832,0.95,0.08,-0.031,5.61,-3.476,-1.037,1392.93,214,1,1,1,1,1,1,10,2,1,20
2018-07-10T13:09:58.510934,0.06,-0.918,0.527,-7.317,2.439,2.134,426.195,-0.938,-0.394,0.173,-3.659,-1.341,0,8.651,-0.443,0.812,-0.319,-3.049,1.037,0.244,85.497,-0.845,-0.019,-0.648,22.927,-13.354,22.073,540.832,0.941,0.125,0.008,6.585,-8.78,-0.427,1392.93,177,1,1,1,1,1,1,10,2,1,20
2018-07-10T13:09:58.594656,0.08,-0.841,0.513,3.963,-0.122,-1.585,426.195,-0.928,-0.392,0.171,1.646,0.183,-0.183,8.651,-0.45,0.804,-0.324,2.683,-2.988,-0.854,85.497,-0.852,-0.007,-0.598,41.951,-52.256,29.085,540.832,0.949,0.164,0.013,3.293,-8.049,2.5,1392.93,124,1,1,1,1,1,1,10,2,1,20
2018-07-10T13:09:58.650805,0.08,-0.841,0.513,4.695,0.854,0.305,426.195,-0.938,-0.375,0.189,6.829,0.366,0.122,8.651,-0.45,0.804,-0.324,2.866,-5.732,0.793,85.497,-0.867,-0.014,-0.524,31.341,-45.915,19.024,540.832,0.947,0.127,-0.032,-12.561,2.195,-2.073,1392.93,-106,1,1,1,1,1,1,10,2,1,20
2018-07-10T13:09:58.722495,0.073,-0.854,0.532,1.707,0.671,0.122,426.195,-0.938,-0.375,0.189,6.89,0.183,-0.122,8.651,-0.434,0.82,-0.332,4.207,-6.829,1.098,85.497,-0.901,-0.011,-0.489,15.976,-21.037,10.366,540.832,0.938,0.098,-0.026,-13.354,2.012,-3.171,1392.93,-66,1,1,1,1,1,1,10,2,1,20
2018-07-10T13:09:58.795689,0.075,-0.859,0.534,1.28,0,-1.037,426.195,-0.944,-0.372,0.193,1.463,-2.134,0.122,8.651,-0.434,0.826,-0.341,2.805,-1.585,0,85.497,-0.901,-0.011,-0.489,14.695,-8.11,6.463,540.832,0.938,0.098,-0.026,-12.439,0.244,-3.171,1392.93,-1395,1,1,1,1,1,1,10,2,1,20
2018-07-10T13:09:58.842313,0.087,-0.827,0.529,-0.732,0.793,0.427,426.195,-0.95,-0.395,0.188,-0.488,-2.988,-0.61,8.651,-0.455,0.823,-0.332,-0.488,0.183,0.122,85.497,-0.91,-0.01,-0.495,6.646,9.939,-1.585,540.832,0.953,0.129,-0.027,-21.829,-0.305,4.268,1392.93,-967,1,1,1,1,1,1,10,2,1,20
2018-07-10T13:09:58.886430,0.087,-0.827,0.529,-1.829,2.378,2.805,426.195,-0.939,-0.382,0.197,3.171,-1.951,-1.037,8.651,-0.455,0.823,-0.332,0,-3.049,-0.793,85.497,-0.913,-0.028,-0.516,1.22,12.805,-4.817,540.832,0.97,0.117,-0.039,-23.841,-0.732,4.451,1392.93,202,1,1,1,1,1,1,10,2,1,20
2018-07-10T13:09:58.936062,0.07,-0.857,0.527,-2.866,3.78,3.963,426.195,-0.939,-0.382,0.197,3.232,-1.768,-1.768,8.651,-0.452,0.824,-0.317,0.183,-2.439,-1.037,85.497,-0.913,-0.028,-0.516,0.976,8.78,-4.512,540.832,0.97,0.117,-0.039,-19.939,1.768,0.732,1392.93,456,1,1,1,1,1,1,10,2,1,20
2018-07-10T13:09:58.982184,0.052,-0.876,0.533,-1.22,2.317,2.988,426.195,-0.934,-0.358,0.21,3.11,-1.098,-1.341,8.651,-0.433,0.827,-0.316,0.366,-2.683,-0.732,85.497,-0.903,-0.046,-0.517,1.829,2.378,-3.476,540.832,0.951,0.068,-0.036,-5.671,4.878,-6.037,1392.93,-298,1,1,1,1,1,1,10,2,1,20
2018-07-10T13:09:59.027303,0.052,-0.876,0.533,-0.732,0.976,1.89,426.195,-0.934,-0.358,0.21,1.037,-1.037,-1.341,8.651,-0.433,0.827,-0.316,0,-1.951,-0.61,125.738,-0.903,-0.046,-0.517,1.28,1.037,-2.866,540.832,0.951,0.068,-0.036,11.463,4.817,-10,1392.93,22,1,1,1,1,1,1,10,2,1,20
2018-07-10T13:09:59.121554,0.062,-0.85,0.533,-6.098,1.098,0.854,426.195,-0.936,-0.389,0.192,-5.122,-2.256,-1.402,8.651,-0.438,0.817,-0.322,-1.768,0.488,-1.463,125.738,-0.903,-0.029,-0.514,-10.732,13.11,-4.634,540.832,0.952,0.163,0,7.561,-0.854,0.549,1392.93,385,1,1,1,1,1,1,10,2,1,20
2018-07-10T13:09:59.186729,0.067,-0.864,0.515,-1.28,1.524,2.195,426.195,-0.936,-0.389,0.192,-5.427,-2.622,-1.951,8.651,-0.456,0.811,-0.313,-2.988,0.549,-1.524,125.738,-0.903,-0.029,-0.514,-9.207,10.488,-7.073,540.832,0.952,0.163,0,-2.561,2.561,3.659,1392.93,257,1,1,1,1,1,1,10,2,1,20
2018-07-10T13:09:59.239875,0.051,-0.884,0.524,1.89,1.037,1.707,426.195,-0.936,-0.398,0.201,-2.195,-0.366,-2.439,8.651,-0.467,0.822,-0.299,-0.854,0.976,-2.134,125.738,-0.908,-0.031,-0.537,-2.683,1.646,-2.866,540.832,0.946,0.156,-0.021,1.037,2.866,1.463,1392.93,193,1,1,1,1,1,1,10,2,1,20
2018-07-10T13:09:59.309061,0.052,-0.867,0.528,1.524,0.122,-0.122,426.195,-0.937,-0.39,0.202,-1.098,0.549,-2.012,8.651,-0.462,0.82,-0.309,1.829,-0.61,-2.378,125.738,-0.892,-0.042,-0.53,-1.341,-1.585,-4.085,540.832,0.951,0.145,-0.009,7.622,2.683,-3.415,1392.93,140,1,1,1,1,1,1,10,2,1,20
2018-07-10T13:09:59.364235,0.052,-0.867,0.528,1.646,-0.183,-0.244,426.195,-0.928,-0.394,0.188,-2.622,0.366,-2.012,8.651,-0.462,0.82,-0.309,3.537,-0.549,-2.683,125.738,-0.883,-0.057,-0.524,-6.524,1.707,-5.976,540.832,0.954,0.134,0.009,5.305,3.11,-3.232,1392.93,115,1,1,1,1,1,1,10,2,1,20
2018-07-10T13:09:59.420885,0.062,-0.849,0.527,1.646,0,-0.366,426.195,-0.928,-0.394,0.188,-2.5,0.122,-1.829,8.651,-0.467,0.806,-0.323,3.598,-0.305,-2.683,125.738,-0.883,-0.057,-0.524,-14.634,1.707,-11.585,540.832,0.954,0.134,0.009,4.512,2.622,-1.951,1392.93,98,1,1,1,1,1,1,10,2,1,20
2018-07-10T13:09:59.468511,0.061,-0.848,0.528,1.037,0.366,0.244,426.195,-0.925,-0.416,0.183,-0.854,-0.061,-1.159,8.651,-0.483,0.794,-0.333,1.829,-0.61,-1.951,125.738,-0.886,-0.055,-0.521,-17.683,2.073,-12.988,540.832,0.946,0.151,0.012,0.793,3.963,1.402,1392.93,81,1,1,1,1,1,1,10,2,1,20
2018-07-10T13:09:59.514634,0.061,-0.848,0.528,0.854,0.732,0.732,426.195,-0.93,-0.411,0.185,0.305,-1.22,-0.305,8.651,-0.483,0.794,-0.333,2.988,-0.427,-2.439,125.738,-0.886,-0.052,-0.528,-15.061,6.829,-8.476,540.832,0.946,0.151,0.012,-1.646,3.841,2.744,1392.93,81,1,1,1,1,1,1,10,2,1,20
2018-07-10T13:09:59.571284,0.059,-0.84,0.536,0.305,1.524,1.22,426.195,-0.93,-0.411,0.185,-0.671,-1.707,-1.098,8.651,-0.486,0.802,-0.329,2.744,-1.707,-4.024,125.738,-0.886,-0.052,-0.528,-9.878,13.598,-5.366,540.832,0.935,0.163,-0.026,-5.122,1.768,0.122,1392.93,70,1,1,1,1,1,1,10,2,1,20
2018-07-10T13:09:59.618910,0.059,-0.84,0.536,-1.768,2.866,1.707,426.195,-0.926,-0.397,0.194,0.732,-1.098,-0.732,8.651,-0.485,0.808,-0.326,1.28,-2.439,-2.683,125.738,-0.883,-0.06,-0.563,-7.378,19.329,-6.159,540.832,0.933,0.148,-0.031,-3.415,0.488,-2.256,1392.93,66,1,1,1,1,1,1,10,2,1,20
2018-07-10T13:09:59.680073,0.051,-0.866,0.526,-2.744,2.317,1.037,426.195,-0.935,-0.375,0.197,2.317,-0.793,0,8.651,-0.485,0.808,-0.326,0.854,-1.768,-0.976,125.738,-0.866,-0.088,-0.592,-1.585,18.902,-7.805,540.832,0.933,0.148,-0.031,0.427,-1.098,-3.171,1392.93,59,1,1,1,1,1,1,10,2,1,20
2018-07-10T13:09:59.733214,0.046,-0.874,0.526,0.061,0.976,0.427,426.195,-0.935,-0.375,0.197,0.976,-0.793,0.244,8.651,-0.466,0.814,-0.323,1.402,-0.732,1.646,125.738,-0.866,-0.088,-0.592,-4.024,18.659,-8.232,540.832,0.957,0.136,0,7.256,-0.793,-0.244,1392.93,59,1,1,1,1,1,1,10,2,1,20
2018-07-10T13:09:59.780840,0.046,-0.874,0.526,0.671,0.183,0.183,426.195,-0.935,-0.384,0.198,-0.061,-0.854,1.037,8.651,-0.47,0.808,-0.323,0.244,0.122,1.524,125.738,-0.851,-0.093,-0.608,-7.195,11.22,-8.72,540.832,0.972,0.145,0.024,12.5,0.671,-0.671,1392.93,56,1,1,1,1,1,1,10,2,1,20
2018-07-10T13:09:59.823954,0.048,-0.859,0.535,-0.366,0.122,-0.427,426.195,-0.935,-0.384,0.198,-1.341,-1.098,0.61,8.651,-0.47,0.808,-0.323,-0.671,0.976,1.159,125.738,-0.851,-0.093,-0.608,-6.768,7.988,-8.476,540.832,0.972,0.145,0.024,7.927,1.159,0.427,1392.93,57,1,1,1,1,1,1,10,2,1,20
2018-07-10T13:09:59.872082,0.052,-0.855,0.527,-0.061,0,-1.402,426.195,-0.926,-0.388,0.195,-3.049,-0.793,0.122,8.651,-0.473,0.802,-0.323,-0.549,2.378,0.671,125.738,-0.836,-0.086,-0.615,-8.598,5.976,-5.793,540.832,0.954,0.133,0.016,3.659,3.78,0.854,1392.93,40,1,1,1,1,1,1,10,2,1,20
2018-07-10T13:09:59.915697,0.052,-0.855,0.527,0.366,-0.732,-1.89,426.195,-0.93,-0.394,0.189,-3.476,-1.159,0.305,8.651,-0.473,0.802,-0.323,-1.585,3.232,0.732,125.738,-0.831,-0.082,-0.619,-8.659,5.061,-5.915,540.832,0.954,0.133,0.016,3.78,5.671,0.244,1392.93,-626,1,1,1,1,1,1,10,2,1,20
2018-07-10T13:09:59.983878,0.064,-0.841,0.526,-0.488,-0.671,-1.707,426.195,-0.93,-0.394,0.189,-3.354,-1.829,-0.061,8.651,-0.475,0.802,-0.324,-1.646,3.476,0.976,125.738,-0.831,-0.082,-0.619,-9.024,5.976,-5.854,540.832,0.934,0.135,-0.008,6.646,4.39,2.622,1392.93,-1738,1,1,1,1,1,1,10,2,1,20
2018-07-10T13:10:00.049051,0.06,-0.857,0.527,-2.561,1.341,0.183,417.638,-0.935,-0.396,0.192,-1.829,-1.463,-0.122,10.429,-0.478,0.814,-0.322,-0.732,2.988,0.854,125.738,-0.838,-0.078,-0.634,-10.061,-1.524,-2.988,561.008,0.938,0.149,-0.017,8.537,1.768,2.256,1452.978,364,1,1,1,1,1,1,10,2,1,20
2018-07-10T13:10:00.103195,0.06,-0.857,0.527,-2.561,1.524,0.244,417.638,-0.939,-0.39,0.199,-1.768,-1.646,-0.305,10.429,-0.466,0.829,-0.32,-3.659,3.049,2.012,125.738,-0.833,-0.073,-0.646,-4.329,0.671,-1.646,561.008,0.953,0.148,0.006,7.012,-0.854,1.951,1452.978,676,1,1,1,1,1,1,10,2,1,20
2018-07-10T13:10:00.153328,0.055,-0.864,0.525,0.427,2.866,1.037,417.638,-0.942,-0.382,0.198,0.793,-0.793,-2.134,10.429,-0.466,0.829,-0.32,-5.061,2.134,2.317,125.738,-0.828,-0.071,-0.646,-4.878,3.598,-3.659,561.008,0.953,0.148,0.006,7.256,-0.793,0.732,1452.978,-658,1,1,1,1,1,1,10,2,1,20
2018-07-10T13:10:00.212485,0.05,-0.873,0.529,-0.915,2.439,0.61,417.638,-0.942,-0.382,0.198,-1.707,-1.829,-2.256,10.429,-0.45,0.816,-0.315,-5.305,3.11,1.951,125.738,-0.828,-0.071,-0.646,-6.646,2.195,-4.085,561.008,0.976,0.129,0.036,11.89,7.073,-1.829,1452.978,-2048,1,1,1,1,1,1,10,2,1,20
2018-07-10T13:10:00.264623,0.05,-0.873,0.529,-1.707,0.61,0.549,417.638,-0.94,-0.397,0.189,-5.793,-1.098,0,10.429,-0.458,0.81,-0.31,-2.683,3.598,-0.427,125.738,-0.823,-0.068,-0.638,-10.549,1.646,-4.878,561.008,0.952,0.119,0.01,7.622,6.707,-1.341,1452.978,-1397,1,1,1,1,1,1,10,2,1,20
2018-07-10T13:10:00.324281,0.055,-0.853,0.529,0.061,0.671,0.61,417.638,-0.927,-0.409,0.182,-6.89,-1.89,-0.793,10.429,-0.458,0.81,-0.31,-2.134,3.293,-1.768,125.738,-0.83,-0.058,-0.635,-6.951,1.89,-2.683,561.008,0.952,0.119,0.01,8.902,4.024,-2.561,1452.978,1750,1,1,1,1,1,1,10,2,1,20
2018-07-10T13:10:00.370403,0.053,-0.854,0.522,-3.598,1.585,1.28,417.638,-0.927,-0.409,0.182,-5.793,-2.439,-0.915,10.429,-0.477,0.808,-0.31,-0.061,2.256,-2.256,125.738,-0.83,-0.058,-0.635,-3.476,0.305,-0.915,561.008,0.922,0.129,-0.009,5.061,1.098,1.402,1452.978,659,1,1,1,1,1,1,10,2,1,20
2018-07-10T13:10:00.482701,0.044,-0.877,0.526,0.61,0.488,0,417.638,-0.93,-0.397,0.191,-0.488,-0.671,-0.488,10.429,-0.472,0.82,-0.304,-0.671,-0.305,0.244,125.738,-0.831,-0.078,-0.637,2.561,-0.793,-0.305,561.008,0.935,0.146,0.01,5.549,-6.89,6.28,1452.978,2047,1,1,1,1,1,1,10,2,1,20
2018-07-10T13:10:00.544868,0.043,-0.873,0.528,0.976,0.366,-0.671,417.638,-0.928,-0.395,0.19,1.037,0.061,-0.366,10.429,-0.464,0.815,-0.303,2.195,-0.671,0.732,125.738,-0.825,-0.072,-0.631,1.22,-2.134,0.549,561.008,0.968,0.161,0.039,0.244,-3.72,2.866,1452.978,1787,1,1,1,1,1,1,10,2,1,20
2018-07-10T13:10:00.603522,0.054,-0.847,0.529,2.805,-0.793,-1.89,417.638,-0.928,-0.395,0.19,1.22,-0.183,-0.122,10.429,-0.462,0.813,-0.309,2.256,-1.22,0.854,125.738,-0.825,-0.072,-0.631,0.976,-0.976,1.037,561.008,0.962,0.154,0.042,-1.463,-1.89,0.671,1452.978,483,1,1,1,1,1,1,10,2,1,20
2018-07-10T13:10:00.656663,0.054,-0.847,0.529,2.744,-0.854,-2.012,417.638,-0.929,-0.399,0.189,0.427,-1.22,-0.976,10.429,-0.464,0.815,-0.313,2.988,-0.915,0.305,125.738,-0.832,-0.065,-0.628,2.378,-1.402,1.707,561.008,0.946,0.129,0.006,-11.037,2.012,0.183,1452.978,1253,1,1,1,1,1,1,10,2,1,20
2018-07-10T13:10:00.712812,0.061,-0.836,0.533,-0.549,1.22,1.402,417.638,-0.939,-0.399,0.191,0.793,-0.915,-0.854,10.429,-0.464,0.815,-0.313,1.951,-1.28,0.244,125.738,-0.834,-0.072,-0.63,3.72,-2.195,3.415,561.008,0.946,0.129,0.006,-9.939,1.768,-0.427,1452.978,954,1,1,1,1,1,1,10,2,1,20
2018-07-10T13:10:00.759436,0.047,-0.873,0.534,-1.402,1.402,1.159,417.638,-0.939,-0.399,0.191,-0.61,-0.915,-1.098,10.429,-0.468,0.825,-0.315,1.707,-0.854,0.122,125.738,-0.834,-0.072,-0.63,3.11,1.524,1.402,561.008,0.955,0.125,-0.017,-7.5,0.732,-1.28,1452.978,597,1,1,1,1,1,1,10,2,1,20
2018-07-10T13:10:00.810069,0.047,-0.873,0.534,-0.549,0.732,0.061,417.638,-0.935,-0.399,0.194,-0.366,-0.793,-0.915,10.429,-0.467,0.817,-0.309,0.61,-0.366,0.061,125.738,-0.837,-0.073,-0.631,2.378,1.159,1.22,561.008,0.951,0.109,-0.011,-5.427,0.366,-2.012,1452.978,572,1,1,1,1,1,1,10,2,1,20
2018-07-10T13:10:00.858699,0.053,-0.853,0.533,0.732,0.183,0.366,417.638,-0.926,-0.398,0.192,-0.305,-0.488,-0.549,10.429,-0.467,0.817,-0.309,1.037,0.244,0.122,125.738,-0.837,-0.073,-0.631,2.317,1.098,1.524,561.008,0.951,0.109,-0.011,-4.268,-0.793,-0.793,1452.978,454,1,1,1,1,1,1,10,2,1,20
2018-07-10T13:10:00.935402,0.049,-0.856,0.532,-1.341,0.793,-0.061,417.638,-0.921,-0.401,0.189,-0.793,-0.671,-0.732,10.429,-0.467,0.809,-0.308,2.134,0.732,-0.122,125.738,-0.831,-0.068,-0.628,0.244,3.902,0.122,561.008,0.942,0.107,0.003,1.707,-1.829,1.829,1452.978,282,1,1,1,1,1,1,10,2,1,20
2018-07-10T13:10:00.989546,0.049,-0.856,0.532,0.122,0.427,-0.366,417.638,-0.921,-0.401,0.189,0,-0.183,-0.61,10.429,-0.468,0.808,-0.312,1.646,0.488,-0.305,125.738,-0.822,-0.067,-0.632,-0.122,5.305,-0.793,561.008,0.946,0.132,0.009,1.159,-2.256,2.927,1452.978,218,1,1,1,1,1,1,10,2,1,20
2018-07-10T13:10:01.042186,0.049,-0.855,0.536,-0.732,0.061,-1.037,417.638,-0.925,-0.401,0.189,-1.28,-0.549,-0.61,10.429,-0.468,0.808,-0.312,2.317,0.793,-0.305,125.738,-0.824,-0.063,-0.636,-0.976,3.659,-0.549,561.008,0.946,0.132,0.009,-0.488,-1.89,3.354,1452.978,171,1,1,1,1,1,1,10,2,1,20
2018-07-10T13:10:01.090815,0.056,-0.858,0.533,-0.854,0.061,-1.28,417.638,-0.938,-0.399,0.187,-0.732,-0.793,-0.488,10.429,-0.469,0.81,-0.318,2.805,1.159,-0.61,125.738,-0.824,-0.063,-0.636,-3.11,4.573,-0.366,561.008,0.958,0.135,0.006,-0.061,0.793,1.341,1452.978,138,1,1,1,1,1,1,10,2,1,20
2018-07-10T13:10:01.136937,0.056,-0.858,0.533,0.061,0.122,-0.915,417.638,-0.938,-0.399,0.187,-0.976,-0.732,-0.61,10.429,-0.465,0.814,-0.326,2.683,1.524,-1.341,125.738,-0.825,-0.073,-0.643,-2.805,3.902,-0.854,561.008,0.947,0.132,-0.002,3.841,2.134,-2.256,1452.978,121,1,1,1,1,1,1,10,2,1,20
2018-07-10T13:10:01.184563,0.056,-0.863,0.533,0.305,0.244,-0.854,417.638,-0.934,-0.398,0.181,-1.463,-0.854,-0.488,10.429,-0.465,0.814,-0.326,1.707,0.793,-1.159,125.738,-0.828,-0.073,-0.65,-2.256,2.622,-1.28,561.008,0.947,0.132,-0.002,3.232,0.854,-2.683,1452.978,101,1,1,1,1,1,1,10,2,1,20
2018-07-10T13:10:01.229683,0.056,-0.863,0.533,0.976,-0.244,-1.037,417.638,-0.934,-0.398,0.181,-1.585,-1.22,-0.183,10.429,-0.472,0.809,-0.326,1.951,0.488,-0.366,125.738,-0.828,-0.073,-0.65,-1.159,-0.122,-0.549,561.008,0.943,0.126,-0.003,-1.89,-0.915,-0.183,1452.978,89,1,1,1,1,1,1,10,2,1,20
2018-07-10T13:10:01.305384,0.056,-0.855,0.536,2.5,-0.732,-1.22,417.638,-0.931,-0.408,0.184,0.61,-1.463,-0.061,10.429,-0.477,0.808,-0.324,3.171,-0.427,0.427,125.738,-0.818,-0.071,-0.656,-0.244,-4.329,1.22,561.008,0.954,0.126,-0.006,1.22,-0.793,1.28,1452.978,-156,1,1,1,1,1,1,10,2,1,20
2018-07-10T13:10:01.359026,0.064,-0.839,0.538,1.22,0.427,-0.427,417.638,-0.929,-0.406,0.195,1.463,-1.22,-0.122,10.429,-0.477,0.808,-0.324,3.78,-1.402,0.793,125.738,-0.811,-0.072,-0.651,0.488,0.793,0.122,561.008,0.954,0.126,-0.006,0.732,-1.22,0.61,1452.978,97,1,1,1,1,1,1,10,2,1,20
2018-07-10T13:10:01.419687,0.06,-0.838,0.542,1.28,0.976,0.549,417.638,-0.927,-0.393,0.196,2.317,-0.61,0.183,10.429,-0.469,0.812,-0.324,1.463,-1.829,1.037,125.738,-0.814,-0.069,-0.656,2.378,2.439,1.585,561.008,0.953,0.128,0.002,-0.549,-1.037,0.244,1452.978,-107,1,1,1,1,1,1,10,2,1,20
2018-07-10T13:10:01.465809,0.06,-0.838,0.542,-0.183,0.976,0.549,417.638,-0.927,-0.393,0.196,0.183,-0.915,-0.61,10.429,-0.465,0.809,-0.323,0.244,-1.098,0.976,125.738,-0.814,-0.069,-0.656,2.561,2.134,1.28,561.008,0.954,0.125,0.007,-3.11,-1.037,1.829,1452.978,-118,1,1,1,1,1,1,10,2,1,20
2018-07-10T13:10:01.513435,0.057,-0.855,0.543,-1.402,0.549,0,417.638,-0.93,-0.399,0.191,0.122,-0.976,-0.549,10.429,-0.465,0.809,-0.323,1.159,-0.305,0.61,125.738,-0.817,-0.067,-0.656,2.012,2.5,0.915,561.008,0.954,0.125,0.007,-2.317,-0.061,1.28,1452.978,-198,1,1,1,1,1,1,10,2,1,20
2018-07-10T13:10:01.569083,0.062,-0.848,0.541,-0.793,0.61,0.122,417.638,-0.935,-0.399,0.191,-0.183,-0.854,-0.305,10.429,-0.471,0.811,-0.326,0.549,-0.366,0.732,125.738,-0.817,-0.067,-0.656,1.463,3.537,0.488,561.008,0.96,0.124,-0.001,-1.159,0.976,0.366,1452.978,-65,1,1,1,1,1,1,10,2,1,20
2018-07-10T13:10:01.621723,0.062,-0.848,0.541,-1.22,0.732,0.549,417.638,-0.935,-0.399,0.191,-0.976,-0.61,-0.122,10.429,-0.469,0.812,-0.329,0.244,-0.305,0.671,125.738,-0.818,-0.066,-0.657,1.707,5.183,-0.549,561.008,0.953,0.123,-0.01,1.037,3.293,-1.098,1452.978,17,1,1,1,1,1,1,10,2,1,20
2018-07-10T13:10:01.673861,0.059,-0.855,0.54,-2.195,0.671,0.305,417.638,-0.933,-0.402,0.189,-1.585,-0.854,-0.366,10.429,-0.469,0.812,-0.329,0.122,0.305,0.488,125.738,-0.817,-0.066,-0.659,0.732,4.39,-0.732,561.008,0.953,0.123,-0.01,1.28,2.866,-0.915,1452.978,108,1,1,1,1,1,1,10,2,1,20
2018-07-10T13:10:01.733520,0.059,-0.85,0.537,-0.854,0.61,0.122,417.638,-0.929,-0.401,0.188,-1.159,-0.915,-0.183,10.429,-0.471,0.807,-0.327,0.366,0.549,0.183,125.738,-0.817,-0.066,-0.659,0.671,3.537,-0.915,561.008,0.944,0.123,-0.012,1.22,2.012,-1.037,1452.978,157,1,1,1,1,1,1,10,2,1,20
2018-07-10T13:10:01.778639,0.059,-0.85,0.537,-0.793,0.61,0.244,417.638,-0.929,-0.401,0.188,-0.732,-0.976,-0.061,10.429,-0.469,0.806,-0.324,0.61,0.305,0.305,125.738,-0.812,-0.07,-0.659,0.976,0.671,-0.366,561.008,0.943,0.123,-0.007,1.707,0.976,-0.671,1452.978,137,1,1,1,1,1,1,10,2,1,20
2018-07-10T13:10:01.902969,0.06,-0.848,0.539,-0.427,0.305,-0.305,417.638,-0.933,-0.4,0.189,-0.061,-0.976,-0.183,10.429,-0.467,0.808,-0.324,-0.366,-0.488,0.366,125.738,-0.812,-0.071,-0.656,2.073,-2.256,2.317,561.008,0.949,0.127,0.004,0.061,-1.098,0.671,1452.978,60,1,1,1,1,1,1,10,2,1,20
2018-07-10T13:10:01.951598,0.06,-0.848,0.539,-0.732,0.915,0.122,417.638,-0.933,-0.4,0.189,-0.305,-1.341,-0.61,10.429,-0.469,0.813,-0.326,0,-0.244,0.427,125.738,-0.812,-0.071,-0.656,1.768,-0.305,0.549,561.008,0.961,0.127,0.01,0.183,-1.28,0.488,1452.978,88,1,1,1,1,1,1,10,2,1,20
2018-07-10T13:10:02.016270,0.058,-0.857,0.538,-1.159,0.671,0.427,417.638,-0.936,-0.398,0.19,-0.122,-0.915,-0.183,10.429,-0.466,0.811,-0.325,-0.061,-0.427,0.305,125.738,-0.818,-0.07,-0.656,0.305,-0.488,0.061,561.008,0.957,0.125,0.005,0.366,0.549,-0.122,1452.978,77,1,1,1,1,1,1,10,2,1,20
2018-07-10T13:10:02.073421,0.058,-0.849,0.537,-0.366,0.732,0.244,417.638,-0.931,-0.398,0.19,-1.098,-1.28,-0.549,10.429,-0.466,0.811,-0.325,-0.061,-0.122,0.244,125.738,-0.817,-0.069,-0.651,-0.427,0.305,-0.427,561.008,0.957,0.125,0.005,0.732,1.585,-1.037,1452.978,70,1,1,1,1,1,1,10,2,1,20
2018-07-10T13:10:02.120045,0.058,-0.849,0.537,-0.427,0.793,0.427,417.638,-0.93,-0.399,0.192,-0.671,-1.768,-0.549,10.429,-0.47,0.81,-0.322,-0.244,0.244,0.183,125.738,-0.817,-0.069,-0.651,-0.915,1.037,-0.488,561.008,0.949,0.123,-0.004,0.915,2.195,-0.915,1452.978,66,1,1,1,1,1,1,10,2,1,20
2018-07-10T13:10:02.165165,0.059,-0.848,0.537,-1.89,1.22,1.098,417.638,-0.93,-0.399,0.192,-0.732,-1.402,-0.549,10.429,-0.469,0.812,-0.319,-0.549,0.122,0.427,125.738,-0.816,-0.069,-0.652,-1.037,2.683,-0.61,561.008,0.949,0.123,-0.004,0.915,1.89,-0.122,1452.978,60,1,1,1,1,1,1,10,2,1,20
2018-07-10T13:10:02.227830,0.049,-0.867,0.538,-0.549,0.915,0.915,417.638,-0.929,-0.399,0.193,-0.732,-1.22,-0.488,10.429,-0.469,0.812,-0.319,-0.427,-0.061,0.122,125.738,-0.814,-0.068,-0.655,-0.976,2.256,-0.488,561.008,0.947,0.126,-0.007,2.012,0.854,-0.366,1452.978,59,1,1,1,1,1,1,10,2,1,20
2018-07-10T13:10:02.283478,0.054,-0.853,0.537,-0.183,0.183,-0.671,417.638,-0.927,-0.399,0.192,-0.671,-1.098,-0.488,10.429,-0.468,0.808,-0.317,-0.366,0.061,-0.061,125.738,-0.814,-0.068,-0.655,-1.28,1.28,-0.366,561.008,0.945,0.126,0.001,1.463,-0.122,0.061,1452.978,57,1,1,1,1,1,1,10,2,1,20
2018-07-10T13:10:02.339126,0.054,-0.853,0.537,0.305,0.122,-0.61,417.638,-0.927,-0.399,0.192,-1.098,-1.159,-0.366,10.429,-0.468,0.808,-0.32,-0.244,0.305,0.122,125.738,-0.81,-0.07,-0.662,-0.427,2.378,-0.671,561.008,0.945,0.126,0.001,2.073,0.244,0.671,1452.978,57,1,1,1,1,1,1,10,2,1,20
